{
    "geometry":[{
        "comment":"back_wall",
        "type":"rectangle",
        "p2":[556, 0, -559],
        "p1":[0, 0, -559],
        "p4":[0, 548.8, -559],
        "p3":[556, 548.8, -559],

        
        "ac":[1,1,1],
        "dc":[1,1,1],
        "sc":[0,0,0],
        
        "ka":0,
        "kd":0.5,
        "ks":0,
        
        "pc":0
    
    },
        {
            "comment":"right_wall",
            "type":"rectangle",
            "p1":[556, 0, -559],
            "p2":[556, 0, 0],
            "p3":[556, 548.8, 0],
            "p4":[556, 548.8, -559],

            
            "ac":[1,0,0],
            "dc":[1,0,0],
            "sc":[0,0,0],
            
            "ka":0,
            "kd":0.5,
            "ks":0,
            
            "pc":0
        
        },
        {
            "comment":"left_wall",
            "type":"rectangle",
            "p2":[0, 0, -559],
            "p1":[0, 0, 0],
            "p4":[0, 548.8, 0],
            "p3":[0, 548.8, -559],

            "ac":[0,1,0],
            "dc":[0,1,0],
            "sc":[0,0,0],

            "ka":0,
            "kd":0.5,
            "ks":0,

            "pc":0

        },
        {
            "comment":"ceiling",
            "type":"rectangle",
            "p1":[0, 548.8, 0],
            "p2":[0, 548.8, -559],
            "p3":[556, 548.8, -559.0],
            "p4":[556, 548.8, 0],


            "ac":[1,1,1],
            "dc":[1,1,1],
            "sc":[0,0,0],

            "ka":0,
            "kd":1,
            "ks":0,

            "pc":0

        },
        {
            "comment":"floor",
            "type":"rectangle",
            "p1":[0, 0, 0],
            "p4":[0, 0, -559],
            "p3":[556, 0, -559.0],
            "p2":[556, 0, 0],


            "ac":[1,1,1],
            "dc":[1,1,1],
            "sc":[0,0,0],

            "ka":0,
            "kd":0.5,
            "ks":0,

            "pc":0

        },
        {
            "type":"sphere",
            "centre":[186, 120, -186],
            "radius":120,
            
            "ac":[0,1,0],
            "dc":[0,0,1],
            "sc":[1,1,1],
            
            "ka":0,
            "kd":1,
            "ks":1,
            
            "pc":100
        },
        {
            "type":"sphere",
            "centre":[380, 50, -380],
            "radius":50,
            
            "ac":[0,0.5,0.5],
            "dc":[0,1,0],
            "sc":[1,1,1],
            
            "ka":0.5,
            "kd":1,
            "ks":1,
            
            "pc":100
        },
        {
            "type":"sphere",
            "centre":[450, 80, -100],
            "radius":80,
            
            "ac":[0,0,1],
            "dc":[0,1,1],
            "sc":[1,1,1],
            
            "ka":0,
            "kd":1,
            "ks":2,
            
            "pc":200
        }
    ],
    "light":[
        {
            "type":"point",
            "centre":[278, 540,-279.5],
            "id":[1, 1, 1],
            "is":[1, 1, 1]
        }
    ],
    "output":[
    {
        "filename":"40157223.ppm",
        "size":[500,500],
        "lookat":[0,0,-1],
        "up":[0,1,0],
        "fov":40,
        "centre":[278, 273, 800],
        "ai":[1,1,1],
        "bkc":[0.5,0.5,0.5],

        "antialiasing": true,
        "raysperpixel": [10, 10]
    }
    ]
}
